{"stats":{"minecraft:picked_up":{"minecraft:redstone_lamp":1,"minecraft:lime_concrete":1281,"minecraft:written_book":2},"minecraft:dropped":{"minecraft:redstone_lamp":1,"minecraft:lime_concrete":1,"minecraft:written_book":1},"minecraft:used":{"minecraft:redstone_torch":351,"minecraft:sticky_piston":43,"minecraft:glass":76,"minecraft:lever":179,"minecraft:honey_block":14,"minecraft:writable_book":10,"minecraft:black_wool":64,"minecraft:light_gray_concrete":11,"minecraft:red_wool":269,"minecraft:birch_planks":4,"minecraft:red_concrete":5,"minecraft:oak_stairs":2,"minecraft:redstone":3450,"minecraft:slime_block":35,"minecraft:lime_wool":28,"minecraft:stone_button":20,"minecraft:oak_sign":60,"minecraft:lectern":4,"minecraft:chest":2,"minecraft:redstone_block":23,"minecraft:magenta_stained_glass":1,"minecraft:pink_wool":218,"minecraft:quartz_stairs":7,"minecraft:glow_ink_sac":37,"minecraft:yellow_wool":158,"minecraft:white_wool":696,"minecraft:light_gray_wool":601,"minecraft:orange_stained_glass":6,"minecraft:repeater":597,"minecraft:redstone_lamp":150,"minecraft:target":27,"minecraft:lime_concrete":73,"minecraft:comparator":32,"minecraft:magenta_wool":211,"minecraft:light_blue_concrete":50,"minecraft:written_book":3,"minecraft:light_blue_wool":449,"minecraft:orange_wool":227,"minecraft:white_concrete":196,"minecraft:red_dye":1,"minecraft:gray_wool":811,"minecraft:cyan_wool":196,"minecraft:purple_wool":65},"minecraft:custom":{"minecraft:time_since_rest":913175,"minecraft:sprint_one_cm":108854,"minecraft:walk_one_cm":334626,"minecraft:drop":3,"minecraft:fly_one_cm":12400854,"minecraft:open_barrel":15,"minecraft:open_chest":4,"minecraft:crouch_one_cm":242,"minecraft:play_time":913175,"minecraft:sneak_time":40107,"minecraft:interact_with_lectern":240,"minecraft:jump":376,"minecraft:leave_game":16,"minecraft:time_since_death":913175,"minecraft:total_world_time":1086258}},"DataVersion":3953}